93,ADAUSDT,ADA/USDT,USDT
94,ALGOUSDT,ALGO/USDT,USDT
95,ANKRUSDT,ANKR/USDT,USDT
96,ATOMUSDT,ATOM/USDT,USDT
97,BANDUSDT,BAND/USDT,USDT
98,BATUSDT,BAT/USDT,USDT
99,BCCUSDT,BCC/USDT,USDT
100,BCHABCUSDT,BCH/USDT,USDT
101,BEAMUSDT,BEAM/USDT,USDT
102,BNBUSDT,BNB/USDT,USDT
103,BCHSVUSDT,BSV/USDT,USDT
104,BTCUSDT,BTC/USDT,USDT
105,BTTUSDT,BTT/USDT,USDT
106,BUSDUSDT,BUSD/USDT,USDT
107,CELRUSDT,CELR/USDT,USDT
108,CHZUSDT,CHZ/USDT,USDT
109,COCOSUSDT,COCOS/USDT,USDT
110,COSUSDT,COS/USDT,USDT
111,CVCUSDT,CVC/USDT,USDT
112,DASHUSDT,DASH/USDT,USDT
113,DENTUSDT,DENT/USDT,USDT
114,DOCKUSDT,DOCK/USDT,USDT
115,DOGEUSDT,DOGE/USDT,USDT
116,DUSKUSDT,DUSK/USDT,USDT
117,ENJUSDT,ENJ/USDT,USDT
118,EOSUSDT,EOS/USDT,USDT
119,ERDUSDT,ERD/USDT,USDT
120,ETCUSDT,ETC/USDT,USDT
121,ETHUSDT,ETH/USDT,USDT
122,FETUSDT,FET/USDT,USDT
123,FTMUSDT,FTM/USDT,USDT
124,FUNUSDT,FUN/USDT,USDT
125,GTOUSDT,GTO/USDT,USDT
126,HBARUSDT,HBAR/USDT,USDT
127,HCUSDT,HC/USDT,USDT
128,HOTUSDT,HOT/USDT,USDT
129,ICXUSDT,ICX/USDT,USDT
130,IOSTUSDT,IOST/USDT,USDT
131,IOTAUSDT,IOTA/USDT,USDT
132,KEYUSDT,KEY/USDT,USDT
133,LINKUSDT,LINK/USDT,USDT
134,LTCUSDT,LTC/USDT,USDT
135,MATICUSDT,MATIC/USDT,USDT
136,MFTUSDT,MFT/USDT,USDT
137,MITHUSDT,MITH/USDT,USDT
138,MTLUSDT,MTL/USDT,USDT
139,NANOUSDT,NANO/USDT,USDT
140,NEOUSDT,NEO/USDT,USDT
141,NPXSUSDT,NPXS/USDT,USDT
142,NULSUSDT,NULS/USDT,USDT
143,OMGUSDT,OMG/USDT,USDT
144,ONEUSDT,ONE/USDT,USDT
145,ONGUSDT,ONG/USDT,USDT
146,ONTUSDT,ONT/USDT,USDT
147,PAXUSDT,PAX/USDT,USDT
148,PERLUSDT,PERL/USDT,USDT
149,QTUMUSDT,QTUM/USDT,USDT
150,RENUSDT,REN/USDT,USDT
151,RVNUSDT,RVN/USDT,USDT
152,STORMUSDT,STORM/USDT,USDT
153,TFUELUSDT,TFUEL/USDT,USDT
154,THETAUSDT,THETA/USDT,USDT
155,TOMOUSDT,TOMO/USDT,USDT
156,TRXUSDT,TRX/USDT,USDT
157,TUSDUSDT,TUSD/USDT,USDT
158,USDCUSDT,USDC/USDT,USDT
159,USDSUSDT,USDS/USDT,USDT
160,USDSBUSDT,USDSB/USDT,USDT
161,VENUSDT,VEN/USDT,USDT
162,VETUSDT,VET/USDT,USDT
163,WANUSDT,WAN/USDT,USDT
164,WAVESUSDT,WAVES/USDT,USDT
165,WINUSDT,WIN/USDT,USDT
166,XLMUSDT,XLM/USDT,USDT
167,XMRUSDT,XMR/USDT,USDT
168,XRPUSDT,XRP/USDT,USDT
169,XTZUSDT,XTZ/USDT,USDT
170,ZECUSDT,ZEC/USDT,USDT
171,ZILUSDT,ZIL/USDT,USDT
172,ZRXUSDT,ZRX/USDT,USDT
